Country,Query,Status,Match
Afghanistan,1. Is there a law that requires routine childhood vaccination in ? ,No relevant documents identified,Yes
Afghanistan,"2. In the event of an emergency, can the government require a citizen to receive a vaccination in?",No relevant documents identified,Yes
Albania,1. Is there a law that requires routine childhood vaccination in ? ,Identified document(s) already in Airtable,Yes
Albania,"2. In the event of an emergency, can the government require a citizen to receive a vaccination in?",Identified document(s) already in Airtable,Yes
Algeria,1. Is there a law that requires routine childhood vaccination in ? ,Identified document(s) already in Airtable,Yes
Algeria,"2. In the event of an emergency, can the government require a citizen to receive a vaccination in?",Identified document(s) already in Airtable,No- Misses Information
Andorra,1. Is there a law that requires routine childhood vaccination in ? ,Identified document(s) already in Airtable,No- Misses Information
Andorra,"2. In the event of an emergency, can the government require a citizen to receive a vaccination in?",No relevant documents identified,Yes
Angola,1. Is there a law that requires routine childhood vaccination in ? ,No relevant documents identified,Yes
Angola,"2. In the event of an emergency, can the government require a citizen to receive a vaccination in?",No relevant documents identified,Yes
Antigua and Barbuda,1. Is there a law that requires routine childhood vaccination in ? ,Identified document(s) already in Airtable,Yes
Antigua and Barbuda,"2. In the event of an emergency, can the government require a citizen to receive a vaccination in?",New document identified - suggest excluding,No - Wrong Info
Argentina,1. Is there a law that requires routine childhood vaccination in ? ,Identified document(s) already in Airtable,Yes
Argentina,"2. In the event of an emergency, can the government require a citizen to receive a vaccination in?",Identified document(s) already in Airtable,Yes
Armenia,1. Is there a law that requires routine childhood vaccination in ? ,New document identified - suggest excluding,No - Wrong Info
Armenia,"2. In the event of an emergency, can the government require a citizen to receive a vaccination in?",No relevant documents identified,Yes
Australia,1. Is there a law that requires routine childhood vaccination in ? ,Identified document(s) already in Airtable,No- Misses Information
Australia,"2. In the event of an emergency, can the government require a citizen to receive a vaccination in?",No relevant documents identified,No - Wrong Info
Austria,1. Is there a law that requires routine childhood vaccination in ? ,No relevant documents identified,Yes
Austria,"2. In the event of an emergency, can the government require a citizen to receive a vaccination in?",New document identified - suggest excluding,No - Wrong Info
Azerbaijan,1. Is there a law that requires routine childhood vaccination in ? ,No relevant documents identified,Yes
Azerbaijan,"2. In the event of an emergency, can the government require a citizen to receive a vaccination in?",Identified document(s) already in Airtable,No- Misses Information
Bahamas,1. Is there a law that requires routine childhood vaccination in ? ,Identified document(s) already in Airtable,No - Wrong Info
Bahamas,"2. In the event of an emergency, can the government require a citizen to receive a vaccination in?",No relevant documents identified,Yes
Bahrain,1. Is there a law that requires routine childhood vaccination in ? ,Identified document(s) already in Airtable,No- Misses Information
Bahrain,"2. In the event of an emergency, can the government require a citizen to receive a vaccination in?",Identified document(s) already in Airtable,Yes
Bangladesh,1. Is there a law that requires routine childhood vaccination in ? ,New document identified - suggest including,No - Provides More Info
Bangladesh,"2. In the event of an emergency, can the government require a citizen to receive a vaccination in?",Identified document(s) already in Airtable,No- Misses Information
Barbados,1. Is there a law that requires routine childhood vaccination in ? ,Identified document(s) already in Airtable,Yes
Barbados,"2. In the event of an emergency, can the government require a citizen to receive a vaccination in?",No relevant documents identified,No- Misses Information
Belarus,1. Is there a law that requires routine childhood vaccination in ? ,No relevant documents identified,Yes
Belarus,"2. In the event of an emergency, can the government require a citizen to receive a vaccination in?",No relevant documents identified,Yes
Belgium,1. Is there a law that requires routine childhood vaccination in ? ,Identified document(s) already in Airtable,Yes
Belgium,"2. In the event of an emergency, can the government require a citizen to receive a vaccination in?",No relevant documents identified,Yes
Belize,1. Is there a law that requires routine childhood vaccination in ? ,Identified document(s) already in Airtable,Yes
Belize,"2. In the event of an emergency, can the government require a citizen to receive a vaccination in?",Identified document(s) already in Airtable,Yes
Benin,1. Is there a law that requires routine childhood vaccination in ? ,Identified document(s) already in Airtable,No- Misses Information
Benin,"2. In the event of an emergency, can the government require a citizen to receive a vaccination in?",No relevant documents identified,Yes
Bhutan,1. Is there a law that requires routine childhood vaccination in ? ,Identified document(s) already in Airtable,No- Misses Information
Bhutan,"2. In the event of an emergency, can the government require a citizen to receive a vaccination in?",No relevant documents identified,Yes
Bolivia (Plurinational State of),1. Is there a law that requires routine childhood vaccination in ? ,No relevant documents identified,No - Wrong Info
Bolivia (Plurinational State of),"2. In the event of an emergency, can the government require a citizen to receive a vaccination in?",Identified document(s) already in Airtable,No- Misses Information
Bosnia and Herzegovina,1. Is there a law that requires routine childhood vaccination in ? ,Identified document(s) already in Airtable,Yes
Bosnia and Herzegovina,"2. In the event of an emergency, can the government require a citizen to receive a vaccination in?",Identified document(s) already in Airtable,Yes
Botswana,1. Is there a law that requires routine childhood vaccination in ? ,Identified document(s) already in Airtable,Yes
Botswana,"2. In the event of an emergency, can the government require a citizen to receive a vaccination in?",Identified document(s) already in Airtable,Yes
Brazil,1. Is there a law that requires routine childhood vaccination in ? ,Identified document(s) already in Airtable,Yes
Brazil,"2. In the event of an emergency, can the government require a citizen to receive a vaccination in?",New document identified - suggest excluding,No - Wrong Info
Brunei Darussalam,1. Is there a law that requires routine childhood vaccination in ? ,Identified document(s) already in Airtable,Yes
Brunei Darussalam,"2. In the event of an emergency, can the government require a citizen to receive a vaccination in?",Identified document(s) already in Airtable,Yes
Bulgaria,1. Is there a law that requires routine childhood vaccination in ? ,Identified document(s) already in Airtable,Yes
Bulgaria,"2. In the event of an emergency, can the government require a citizen to receive a vaccination in?",Identified document(s) already in Airtable,Yes
Burkina Faso,1. Is there a law that requires routine childhood vaccination in ? ,Identified document(s) already in Airtable,Yes
Burkina Faso,"2. In the event of an emergency, can the government require a citizen to receive a vaccination in?",Identified document(s) already in Airtable,Yes
Burundi,1. Is there a law that requires routine childhood vaccination in ? ,No relevant documents identified,Yes
Burundi,"2. In the event of an emergency, can the government require a citizen to receive a vaccination in?",Identified document(s) already in Airtable,No- Misses Information
Cabo Verde (Cape Verde),1. Is there a law that requires routine childhood vaccination in ? ,No relevant documents identified,Yes
Cabo Verde (Cape Verde),"2. In the event of an emergency, can the government require a citizen to receive a vaccination in?",No relevant documents identified,Yes
Cambodia,1. Is there a law that requires routine childhood vaccination in ? ,No relevant documents identified,Yes
Cambodia,"2. In the event of an emergency, can the government require a citizen to receive a vaccination in?",Identified document(s) already in Airtable,Yes
Cameroon,"2. In the event of an emergency, can the government require a citizen to receive a vaccination in?",No relevant documents identified,Yes
Cameroon,1. Is there a law that requires routine childhood vaccination in ? ,No relevant documents identified,Yes
Canada,1. Is there a law that requires routine childhood vaccination in ? ,New document identified - suggest excluding,No - Wrong Info
Canada,"2. In the event of an emergency, can the government require a citizen to receive a vaccination in?",No relevant documents identified,Yes
Central African Republic (CAR),1. Is there a law that requires routine childhood vaccination in ? ,No relevant documents identified,Yes
Central African Republic (CAR),"2. In the event of an emergency, can the government require a citizen to receive a vaccination in?",No relevant documents identified,Yes
Chad,1. Is there a law that requires routine childhood vaccination in ? ,No relevant documents identified,Yes
Chad,"2. In the event of an emergency, can the government require a citizen to receive a vaccination in?",No relevant documents identified,Yes
Chile,1. Is there a law that requires routine childhood vaccination in ? ,Identified document(s) already in Airtable,Yes
Chile,"2. In the event of an emergency, can the government require a citizen to receive a vaccination in?",Identified document(s) already in Airtable,Yes
China (People's Republic of China; PRC),1. Is there a law that requires routine childhood vaccination in ? ,No relevant documents identified,Yes
China (People's Republic of China; PRC),"2. In the event of an emergency, can the government require a citizen to receive a vaccination in?",No relevant documents identified,Yes
Chinese Taipei (Taiwan; Republic of China; ROC),1. Is there a law that requires routine childhood vaccination in ? ,Identified document(s) already in Airtable,Yes
Chinese Taipei (Taiwan; Republic of China; ROC),"2. In the event of an emergency, can the government require a citizen to receive a vaccination in?",Identified document(s) already in Airtable,Yes
Colombia,1. Is there a law that requires routine childhood vaccination in ? ,Identified document(s) already in Airtable,Yes
Colombia,"2. In the event of an emergency, can the government require a citizen to receive a vaccination in?",No relevant documents identified,Yes
Comoros,1. Is there a law that requires routine childhood vaccination in ? ,Identified document(s) already in Airtable,Yes
Comoros,"2. In the event of an emergency, can the government require a citizen to receive a vaccination in?",Identified document(s) already in Airtable,Yes
Congo (Republic of the Congo),1. Is there a law that requires routine childhood vaccination in ? ,No relevant documents identified,Yes
Congo (Republic of the Congo),"2. In the event of an emergency, can the government require a citizen to receive a vaccination in?",No relevant documents identified,Yes
Cook Islands,1. Is there a law that requires routine childhood vaccination in ? ,No relevant documents identified,Yes
Cook Islands,"2. In the event of an emergency, can the government require a citizen to receive a vaccination in?",No relevant documents identified,Yes
Costa Rica,1. Is there a law that requires routine childhood vaccination in ? ,Identified document(s) already in Airtable,Yes
Costa Rica,"2. In the event of an emergency, can the government require a citizen to receive a vaccination in?",Identified document(s) already in Airtable,Yes
Côte d'Ivoire (Ivory Coast),1. Is there a law that requires routine childhood vaccination in ? ,No relevant documents identified,Yes
Côte d'Ivoire (Ivory Coast),"2. In the event of an emergency, can the government require a citizen to receive a vaccination in?",No relevant documents identified,Yes
Croatia,1. Is there a law that requires routine childhood vaccination in ? ,Identified document(s) already in Airtable,Yes
Croatia,"2. In the event of an emergency, can the government require a citizen to receive a vaccination in?",Identified document(s) already in Airtable,Yes
Cuba,1. Is there a law that requires routine childhood vaccination in ? ,No relevant documents identified,Yes
Cuba,"2. In the event of an emergency, can the government require a citizen to receive a vaccination in?",New document identified - suggest including,No - Provides More Info
Curacao,1. Is there a law that requires routine childhood vaccination in ? ,No relevant documents identified,Yes
Curacao,"2. In the event of an emergency, can the government require a citizen to receive a vaccination in?",No relevant documents identified,Yes
Cyprus,1. Is there a law that requires routine childhood vaccination in ? ,No relevant documents identified,Yes
Cyprus,"2. In the event of an emergency, can the government require a citizen to receive a vaccination in?",No relevant documents identified,Yes
Czechia (Czech Republic),1. Is there a law that requires routine childhood vaccination in ? ,Identified document(s) already in Airtable,Yes
Czechia (Czech Republic),"2. In the event of an emergency, can the government require a citizen to receive a vaccination in?",Identified document(s) already in Airtable,Yes
Democratic Peoples Republic of Korea (North Korea; DPRK),1. Is there a law that requires routine childhood vaccination in ? ,No relevant documents identified,Yes
Democratic Peoples Republic of Korea (North Korea; DPRK),"2. In the event of an emergency, can the government require a citizen to receive a vaccination in?",No relevant documents identified,Yes
Democratic Republic of the Congo (DRC),"2. In the event of an emergency, can the government require a citizen to receive a vaccination in?",No relevant documents identified,No- Misses Information
Democratic Republic of the Congo (DRC),1. Is there a law that requires routine childhood vaccination in ? ,No relevant documents identified,No- Misses Information
Denmark,1. Is there a law that requires routine childhood vaccination in ? ,No relevant documents identified,Yes
Denmark,"2. In the event of an emergency, can the government require a citizen to receive a vaccination in?",No relevant documents identified,Yes
Djibouti,1. Is there a law that requires routine childhood vaccination in ? ,No relevant documents identified,Yes
Djibouti,"2. In the event of an emergency, can the government require a citizen to receive a vaccination in?",No relevant documents identified,Yes
Dominica,1. Is there a law that requires routine childhood vaccination in ? ,Identified document(s) already in Airtable,No- Misses Information
Dominica,"2. In the event of an emergency, can the government require a citizen to receive a vaccination in?",Identified document(s) already in Airtable,Yes
Dominican Republic,1. Is there a law that requires routine childhood vaccination in ? ,Identified document(s) already in Airtable,No- Misses Information
Dominican Republic,"2. In the event of an emergency, can the government require a citizen to receive a vaccination in?",No relevant documents identified,Yes
Ecuador,1. Is there a law that requires routine childhood vaccination in ? ,Identified document(s) already in Airtable,Yes
Ecuador,"2. In the event of an emergency, can the government require a citizen to receive a vaccination in?",Identified document(s) already in Airtable,Yes
Egypt,1. Is there a law that requires routine childhood vaccination in ? ,No relevant documents identified,No- Misses Information
Egypt,"2. In the event of an emergency, can the government require a citizen to receive a vaccination in?",No relevant documents identified,No- Misses Information
El Salvador,1. Is there a law that requires routine childhood vaccination in ? ,Identified document(s) already in Airtable,Yes
El Salvador,"2. In the event of an emergency, can the government require a citizen to receive a vaccination in?",Identified document(s) already in Airtable,Yes
Equatorial Guinea,1. Is there a law that requires routine childhood vaccination in ? ,No relevant documents identified,Yes
Equatorial Guinea,"2. In the event of an emergency, can the government require a citizen to receive a vaccination in?",No relevant documents identified,No- Misses Information
Eritrea,1. Is there a law that requires routine childhood vaccination in ? ,No relevant documents identified,Yes
Eritrea,"2. In the event of an emergency, can the government require a citizen to receive a vaccination in?",No relevant documents identified,Yes
Estonia,1. Is there a law that requires routine childhood vaccination in ? ,No relevant documents identified,Yes
Estonia,"2. In the event of an emergency, can the government require a citizen to receive a vaccination in?",No relevant documents identified,Yes
Eswatini (Swaziland),1. Is there a law that requires routine childhood vaccination in ? ,No relevant documents identified,Yes
Eswatini (Swaziland),"2. In the event of an emergency, can the government require a citizen to receive a vaccination in?",No relevant documents identified,No- Misses Information
Ethiopia,1. Is there a law that requires routine childhood vaccination in ? ,No relevant documents identified,Yes
Ethiopia,"2. In the event of an emergency, can the government require a citizen to receive a vaccination in?",No relevant documents identified,Yes
Fiji,1. Is there a law that requires routine childhood vaccination in ? ,No relevant documents identified,Yes
Fiji,"2. In the event of an emergency, can the government require a citizen to receive a vaccination in?",No relevant documents identified,Yes
Finland,1. Is there a law that requires routine childhood vaccination in ? ,No relevant documents identified,Yes
Finland,"2. In the event of an emergency, can the government require a citizen to receive a vaccination in?",Identified document(s) already in Airtable,Yes
France,1. Is there a law that requires routine childhood vaccination in ? ,Identified document(s) already in Airtable,Yes
France,"2. In the event of an emergency, can the government require a citizen to receive a vaccination in?",Identified document(s) already in Airtable,Yes
Gabon,1. Is there a law that requires routine childhood vaccination in ? ,No relevant documents identified,Yes
Gabon,"2. In the event of an emergency, can the government require a citizen to receive a vaccination in?",No relevant documents identified,Yes
Gambia (Republic of The),1. Is there a law that requires routine childhood vaccination in ? ,No relevant documents identified,Yes
Gambia (Republic of The),"2. In the event of an emergency, can the government require a citizen to receive a vaccination in?",No relevant documents identified,Yes
Georgia,1. Is there a law that requires routine childhood vaccination in ? ,Identified document(s) already in Airtable,Yes
Georgia,"2. In the event of an emergency, can the government require a citizen to receive a vaccination in?",Identified document(s) already in Airtable,Yes
Germany,1. Is there a law that requires routine childhood vaccination in ? ,Identified document(s) already in Airtable,Yes
Germany,"2. In the event of an emergency, can the government require a citizen to receive a vaccination in?",New document identified - suggest including,No - Provides More Info
Germany,1. Is there a law that requires routine childhood vaccination in ? ,Identified document(s) already in Airtable,Yes
Germany,"2. In the event of an emergency, can the government require a citizen to receive a vaccination in?",No relevant documents identified,Yes
Ghana,1. Is there a law that requires routine childhood vaccination in ? ,No relevant documents identified,Yes
Ghana,"2. In the event of an emergency, can the government require a citizen to receive a vaccination in?",Identified document(s) already in Airtable,Yes
Greece,1. Is there a law that requires routine childhood vaccination in ? ,No relevant documents identified,Yes
Greece,"2. In the event of an emergency, can the government require a citizen to receive a vaccination in?",Identified document(s) already in Airtable,Yes
Grenada,1. Is there a law that requires routine childhood vaccination in ? ,Identified document(s) already in Airtable,Yes
Grenada,"2. In the event of an emergency, can the government require a citizen to receive a vaccination in?",No relevant documents identified,Yes
Guatemala,1. Is there a law that requires routine childhood vaccination in ? ,No relevant documents identified,Yes
Guatemala,"2. In the event of an emergency, can the government require a citizen to receive a vaccination in?",No relevant documents identified,Yes
Guinea,1. Is there a law that requires routine childhood vaccination in ? ,No relevant documents identified,No- Misses Information
Guinea,"2. In the event of an emergency, can the government require a citizen to receive a vaccination in?",No relevant documents identified,No- Misses Information
Guinea Bissau,1. Is there a law that requires routine childhood vaccination in ? ,No relevant documents identified,Yes
Guinea Bissau,"2. In the event of an emergency, can the government require a citizen to receive a vaccination in?",No relevant documents identified,Yes
Guyana,1. Is there a law that requires routine childhood vaccination in ? ,Identified document(s) already in Airtable,Yes
Guyana,"2. In the event of an emergency, can the government require a citizen to receive a vaccination in?",No relevant documents identified,Yes
Haiti,1. Is there a law that requires routine childhood vaccination in ? ,No relevant documents identified,Yes
Haiti,"2. In the event of an emergency, can the government require a citizen to receive a vaccination in?",No relevant documents identified,Yes
Holy See (Vatican City),1. Is there a law that requires routine childhood vaccination in ? ,No relevant documents identified,Yes
Holy See (Vatican City),"2. In the event of an emergency, can the government require a citizen to receive a vaccination in?",No relevant documents identified,Yes
Honduras,1. Is there a law that requires routine childhood vaccination in ? ,Identified document(s) already in Airtable,Yes
Honduras,"2. In the event of an emergency, can the government require a citizen to receive a vaccination in?",Identified document(s) already in Airtable,Yes
Hungary,1. Is there a law that requires routine childhood vaccination in ? ,Identified document(s) already in Airtable,Yes
Hungary,"2. In the event of an emergency, can the government require a citizen to receive a vaccination in?",Identified document(s) already in Airtable,Yes
Iceland,1. Is there a law that requires routine childhood vaccination in ? ,No relevant documents identified,Yes
Iceland,"2. In the event of an emergency, can the government require a citizen to receive a vaccination in?",No relevant documents identified,Yes
India,1. Is there a law that requires routine childhood vaccination in ? ,No relevant documents identified,Yes
India,"2. In the event of an emergency, can the government require a citizen to receive a vaccination in?",No relevant documents identified,Yes
Indonesia,1. Is there a law that requires routine childhood vaccination in ? ,Identified document(s) already in Airtable,No- Misses Information
Indonesia,"2. In the event of an emergency, can the government require a citizen to receive a vaccination in?",New document identified - suggest excluding,No - Wrong Info
Iran (Islamic Republic of),1. Is there a law that requires routine childhood vaccination in ? ,No relevant documents identified,No- Misses Information
Iran (Islamic Republic of),"2. In the event of an emergency, can the government require a citizen to receive a vaccination in?",No relevant documents identified,No- Misses Information
Iraq,1. Is there a law that requires routine childhood vaccination in ? ,No relevant documents identified,No- Misses Information
Iraq,"2. In the event of an emergency, can the government require a citizen to receive a vaccination in?",No relevant documents identified,No- Misses Information
Ireland,1. Is there a law that requires routine childhood vaccination in ? ,No relevant documents identified,Yes
Ireland,"2. In the event of an emergency, can the government require a citizen to receive a vaccination in?",No relevant documents identified,Yes
Israel,1. Is there a law that requires routine childhood vaccination in ? ,No relevant documents identified,Yes
Israel,"2. In the event of an emergency, can the government require a citizen to receive a vaccination in?",Identified document(s) already in Airtable,Yes
Italy,1. Is there a law that requires routine childhood vaccination in ? ,Identified document(s) already in Airtable,Yes
Italy,"2. In the event of an emergency, can the government require a citizen to receive a vaccination in?",New document identified - suggest excluding,No - Wrong Info
Jamaica,1. Is there a law that requires routine childhood vaccination in ? ,Identified document(s) already in Airtable,Yes
Jamaica,"2. In the event of an emergency, can the government require a citizen to receive a vaccination in?",Identified document(s) already in Airtable,Yes
Japan,1. Is there a law that requires routine childhood vaccination in ? ,No relevant documents identified,Yes
Japan,"2. In the event of an emergency, can the government require a citizen to receive a vaccination in?",No relevant documents identified,No - Wrong Info
Jordan,1. Is there a law that requires routine childhood vaccination in ? ,Identified document(s) already in Airtable,Yes
Jordan,"2. In the event of an emergency, can the government require a citizen to receive a vaccination in?",Identified document(s) already in Airtable,Yes
Kazakhstan,1. Is there a law that requires routine childhood vaccination in ? ,Identified document(s) already in Airtable,No- Misses Information
Kazakhstan,"2. In the event of an emergency, can the government require a citizen to receive a vaccination in?",Identified document(s) already in Airtable,Yes
Kenya,1. Is there a law that requires routine childhood vaccination in ? ,No relevant documents identified,Yes
Kenya,"2. In the event of an emergency, can the government require a citizen to receive a vaccination in?",Identified document(s) already in Airtable,Yes
Kiribati,1. Is there a law that requires routine childhood vaccination in ? ,No relevant documents identified,Yes
Kiribati,"2. In the event of an emergency, can the government require a citizen to receive a vaccination in?",No relevant documents identified,Yes
Kuwait,1. Is there a law that requires routine childhood vaccination in ? ,Identified document(s) already in Airtable,Yes
Kuwait,"2. In the event of an emergency, can the government require a citizen to receive a vaccination in?",No relevant documents identified,No- Misses Information
Kyrgyzstan,1. Is there a law that requires routine childhood vaccination in ? ,No relevant documents identified,No- Misses Information
Kyrgyzstan,"2. In the event of an emergency, can the government require a citizen to receive a vaccination in?",No relevant documents identified,No- Misses Information
Lao People's Democratic Republic (Laos; Lao PDR),1. Is there a law that requires routine childhood vaccination in ? ,Identified document(s) already in Airtable,Yes
Lao People's Democratic Republic (Laos; Lao PDR),"2. In the event of an emergency, can the government require a citizen to receive a vaccination in?",Identified document(s) already in Airtable,Yes
Latvia,1. Is there a law that requires routine childhood vaccination in ? ,Identified document(s) already in Airtable,Yes
Latvia,"2. In the event of an emergency, can the government require a citizen to receive a vaccination in?",Identified document(s) already in Airtable,Yes
Lebanon,1. Is there a law that requires routine childhood vaccination in ? ,No relevant documents identified,Yes
Lebanon,"2. In the event of an emergency, can the government require a citizen to receive a vaccination in?",No relevant documents identified,Yes
Lesotho,1. Is there a law that requires routine childhood vaccination in ? ,Identified document(s) already in Airtable,Yes
Lesotho,"2. In the event of an emergency, can the government require a citizen to receive a vaccination in?",Identified document(s) already in Airtable,Yes
Liberia,1. Is there a law that requires routine childhood vaccination in ? ,Identified document(s) already in Airtable,No- Misses Information
Liberia,"2. In the event of an emergency, can the government require a citizen to receive a vaccination in?",Identified document(s) already in Airtable,No- Misses Information
Libya,1. Is there a law that requires routine childhood vaccination in ? ,Identified document(s) already in Airtable,Yes
Libya,"2. In the event of an emergency, can the government require a citizen to receive a vaccination in?",Identified document(s) already in Airtable,Yes
Liechtenstein,1. Is there a law that requires routine childhood vaccination in ? ,No relevant documents identified,Yes
Liechtenstein,"2. In the event of an emergency, can the government require a citizen to receive a vaccination in?",No relevant documents identified,Yes
Lithuania,1. Is there a law that requires routine childhood vaccination in ? ,No relevant documents identified,Yes
Lithuania,"2. In the event of an emergency, can the government require a citizen to receive a vaccination in?",No relevant documents identified,Yes
Luxembourg,1. Is there a law that requires routine childhood vaccination in ? ,No relevant documents identified,Yes
Luxembourg,"2. In the event of an emergency, can the government require a citizen to receive a vaccination in?",No relevant documents identified,Yes
Madagascar,1. Is there a law that requires routine childhood vaccination in ? ,No relevant documents identified,No- Misses Information
Madagascar,"2. In the event of an emergency, can the government require a citizen to receive a vaccination in?",No relevant documents identified,Yes
Malawi,1. Is there a law that requires routine childhood vaccination in ? ,Identified document(s) already in Airtable,Yes
Malawi,"2. In the event of an emergency, can the government require a citizen to receive a vaccination in?",Identified document(s) already in Airtable,Yes
Malaysia,1. Is there a law that requires routine childhood vaccination in ? ,No relevant documents identified,Yes
Malaysia,"2. In the event of an emergency, can the government require a citizen to receive a vaccination in?",Identified document(s) already in Airtable,No- Misses Information
Maldives,1. Is there a law that requires routine childhood vaccination in ? ,Identified document(s) already in Airtable,Yes
Maldives,"2. In the event of an emergency, can the government require a citizen to receive a vaccination in?",Identified document(s) already in Airtable,Yes
Mali,1. Is there a law that requires routine childhood vaccination in ? ,Identified document(s) already in Airtable,No- Misses Information
Mali,"2. In the event of an emergency, can the government require a citizen to receive a vaccination in?",Identified document(s) already in Airtable,No- Misses Information
Malta,1. Is there a law that requires routine childhood vaccination in ? ,Identified document(s) already in Airtable,Yes
Malta,"2. In the event of an emergency, can the government require a citizen to receive a vaccination in?",Identified document(s) already in Airtable,Yes
Marshall Islands,1. Is there a law that requires routine childhood vaccination in ? ,No relevant documents identified,Yes
Marshall Islands,"2. In the event of an emergency, can the government require a citizen to receive a vaccination in?",No relevant documents identified,Yes
Mauritania,1. Is there a law that requires routine childhood vaccination in ? ,No relevant documents identified,Yes
Mauritania,"2. In the event of an emergency, can the government require a citizen to receive a vaccination in?",No relevant documents identified,Yes
Mauritius,1. Is there a law that requires routine childhood vaccination in ? ,No relevant documents identified,Yes
Mauritius,"2. In the event of an emergency, can the government require a citizen to receive a vaccination in?",No relevant documents identified,Yes
Mexico,1. Is there a law that requires routine childhood vaccination in ? ,Identified document(s) already in Airtable,Yes
Mexico,"2. In the event of an emergency, can the government require a citizen to receive a vaccination in?",Identified document(s) already in Airtable,Yes
Micronesia (Federated States of Micronesia),1. Is there a law that requires routine childhood vaccination in ? ,Identified document(s) already in Airtable,Yes
Micronesia (Federated States of Micronesia),"2. In the event of an emergency, can the government require a citizen to receive a vaccination in?",Identified document(s) already in Airtable,Yes
Monaco,1. Is there a law that requires routine childhood vaccination in ? ,Identified document(s) already in Airtable,Yes
Monaco,"2. In the event of an emergency, can the government require a citizen to receive a vaccination in?",No relevant documents identified,Yes
Mongolia,1. Is there a law that requires routine childhood vaccination in ? ,Identified document(s) already in Airtable,Yes
Mongolia,"2. In the event of an emergency, can the government require a citizen to receive a vaccination in?",Identified document(s) already in Airtable,Yes
Montenegro,1. Is there a law that requires routine childhood vaccination in ? ,Identified document(s) already in Airtable,No- Misses Information
Montenegro,"2. In the event of an emergency, can the government require a citizen to receive a vaccination in?",Identified document(s) already in Airtable,No- Misses Information
Morocco,1. Is there a law that requires routine childhood vaccination in ? ,No relevant documents identified,Yes
Morocco,"2. In the event of an emergency, can the government require a citizen to receive a vaccination in?",No relevant documents identified,Yes
Mozambique,1. Is there a law that requires routine childhood vaccination in ? ,No relevant documents identified,Yes
Mozambique,"2. In the event of an emergency, can the government require a citizen to receive a vaccination in?",Identified document(s) already in Airtable,Yes
Myanmar (Burma),1. Is there a law that requires routine childhood vaccination in ? ,No relevant documents identified,Yes
Myanmar (Burma),"2. In the event of an emergency, can the government require a citizen to receive a vaccination in?",Identified document(s) already in Airtable,Yes
Namibia,1. Is there a law that requires routine childhood vaccination in ? ,No relevant documents identified,Yes
Namibia,"2. In the event of an emergency, can the government require a citizen to receive a vaccination in?",No relevant documents identified,Yes
Nauru,1. Is there a law that requires routine childhood vaccination in ? ,No relevant documents identified,Yes
Nauru,"2. In the event of an emergency, can the government require a citizen to receive a vaccination in?",No relevant documents identified,Yes
Nepal,1. Is there a law that requires routine childhood vaccination in ? ,No relevant documents identified,Yes
Nepal,"2. In the event of an emergency, can the government require a citizen to receive a vaccination in?",No relevant documents identified,Yes
Netherlands,1. Is there a law that requires routine childhood vaccination in ? ,No relevant documents identified,Yes
Netherlands,"2. In the event of an emergency, can the government require a citizen to receive a vaccination in?",No relevant documents identified,Yes
New Zealand,1. Is there a law that requires routine childhood vaccination in ? ,No relevant documents identified,Yes
New Zealand,"2. In the event of an emergency, can the government require a citizen to receive a vaccination in?",No relevant documents identified,Yes
Nicaragua,1. Is there a law that requires routine childhood vaccination in ? ,Identified document(s) already in Airtable,Yes
Nicaragua,"2. In the event of an emergency, can the government require a citizen to receive a vaccination in?",Identified document(s) already in Airtable,Yes
Niger,1. Is there a law that requires routine childhood vaccination in ? ,No relevant documents identified,Yes
Niger,"2. In the event of an emergency, can the government require a citizen to receive a vaccination in?",No relevant documents identified,Yes
Nigeria,1. Is there a law that requires routine childhood vaccination in ? ,No relevant documents identified,Yes
Nigeria,"2. In the event of an emergency, can the government require a citizen to receive a vaccination in?",No relevant documents identified,No - Wrong Info
Niue,1. Is there a law that requires routine childhood vaccination in ? ,No relevant documents identified,Yes
Niue,"2. In the event of an emergency, can the government require a citizen to receive a vaccination in?",No relevant documents identified,Yes
North Macedonia (Macedonia; FYROM),1. Is there a law that requires routine childhood vaccination in ? ,Identified document(s) already in Airtable,Yes
North Macedonia (Macedonia; FYROM),"2. In the event of an emergency, can the government require a citizen to receive a vaccination in?",Identified document(s) already in Airtable,Yes
Norway,1. Is there a law that requires routine childhood vaccination in ? ,No relevant documents identified,Yes
Norway,"2. In the event of an emergency, can the government require a citizen to receive a vaccination in?",New document identified - suggest including,No - Provides More Info
Oman,1. Is there a law that requires routine childhood vaccination in ? ,Identified document(s) already in Airtable,Yes
Oman,"2. In the event of an emergency, can the government require a citizen to receive a vaccination in?",Identified document(s) already in Airtable,Yes
Pakistan,1. Is there a law that requires routine childhood vaccination in ? ,No relevant documents identified,Yes
Pakistan,"2. In the event of an emergency, can the government require a citizen to receive a vaccination in?",No relevant documents identified,No - Wrong Info
Palau,1. Is there a law that requires routine childhood vaccination in ? ,Identified document(s) already in Airtable,Yes
Palau,"2. In the event of an emergency, can the government require a citizen to receive a vaccination in?",Identified document(s) already in Airtable,Yes
Panama,1. Is there a law that requires routine childhood vaccination in ? ,Identified document(s) already in Airtable,Yes
Panama,"2. In the event of an emergency, can the government require a citizen to receive a vaccination in?",Identified document(s) already in Airtable,Yes
Papua New Guinea,1. Is there a law that requires routine childhood vaccination in ? ,No relevant documents identified,Yes
Papua New Guinea,"2. In the event of an emergency, can the government require a citizen to receive a vaccination in?",Identified document(s) already in Airtable,Yes
Paraguay,1. Is there a law that requires routine childhood vaccination in ? ,Identified document(s) already in Airtable,Yes
Paraguay,"2. In the event of an emergency, can the government require a citizen to receive a vaccination in?",Identified document(s) already in Airtable,Yes
Peru,1. Is there a law that requires routine childhood vaccination in ? ,Identified document(s) already in Airtable,Yes
Peru,"2. In the event of an emergency, can the government require a citizen to receive a vaccination in?",Identified document(s) already in Airtable,Yes
Philippines,1. Is there a law that requires routine childhood vaccination in ? ,Identified document(s) already in Airtable,Yes
Philippines,"2. In the event of an emergency, can the government require a citizen to receive a vaccination in?",No relevant documents identified,Yes
Poland,1. Is there a law that requires routine childhood vaccination in ? ,Identified document(s) already in Airtable,Yes
Poland,"2. In the event of an emergency, can the government require a citizen to receive a vaccination in?",Identified document(s) already in Airtable,Yes
Portugal,1. Is there a law that requires routine childhood vaccination in ? ,No relevant documents identified,Yes
Portugal,"2. In the event of an emergency, can the government require a citizen to receive a vaccination in?",No relevant documents identified,Yes
Qatar,1. Is there a law that requires routine childhood vaccination in ? ,Identified document(s) already in Airtable,Yes
Qatar,"2. In the event of an emergency, can the government require a citizen to receive a vaccination in?",Identified document(s) already in Airtable,Yes
Republic of Korea (South Korea; ROK),1. Is there a law that requires routine childhood vaccination in ? ,Identified document(s) already in Airtable,No- Misses Information
Republic of Korea (South Korea; ROK),"2. In the event of an emergency, can the government require a citizen to receive a vaccination in?",Identified document(s) already in Airtable,Yes
Republic of Moldova,1. Is there a law that requires routine childhood vaccination in ? ,Identified document(s) already in Airtable,Yes
Republic of Moldova,"2. In the event of an emergency, can the government require a citizen to receive a vaccination in?",Identified document(s) already in Airtable,Yes
Romania,1. Is there a law that requires routine childhood vaccination in ? ,Identified document(s) already in Airtable,No- Misses Information
Romania,"2. In the event of an emergency, can the government require a citizen to receive a vaccination in?",Identified document(s) already in Airtable,Yes
Russian Federation,1. Is there a law that requires routine childhood vaccination in ? ,Identified document(s) already in Airtable,Yes
Russian Federation,"2. In the event of an emergency, can the government require a citizen to receive a vaccination in?",No relevant documents identified,No - Wrong Info
Rwanda,1. Is there a law that requires routine childhood vaccination in ? ,No relevant documents identified,Yes
Rwanda,"2. In the event of an emergency, can the government require a citizen to receive a vaccination in?",No relevant documents identified,Yes
Saint Kitts and Nevis (St Kitts and Nevis),1. Is there a law that requires routine childhood vaccination in ? ,Identified document(s) already in Airtable,No- Misses Information
Saint Kitts and Nevis (St Kitts and Nevis),"2. In the event of an emergency, can the government require a citizen to receive a vaccination in?",Identified document(s) already in Airtable,No- Misses Information
Saint Lucia (St Lucia),1. Is there a law that requires routine childhood vaccination in ? ,Identified document(s) already in Airtable,Yes
Saint Lucia (St Lucia),"2. In the event of an emergency, can the government require a citizen to receive a vaccination in?",No relevant documents identified,Yes
Saint Vincent and the Grenadines (St Vincent and the Grenadines),1. Is there a law that requires routine childhood vaccination in ? ,Identified document(s) already in Airtable,Yes
Saint Vincent and the Grenadines (St Vincent and the Grenadines),"2. In the event of an emergency, can the government require a citizen to receive a vaccination in?",No relevant documents identified,Yes
Samoa,1. Is there a law that requires routine childhood vaccination in ? ,Identified document(s) already in Airtable,No - Wrong Info
Samoa,"2. In the event of an emergency, can the government require a citizen to receive a vaccination in?",Identified document(s) already in Airtable,Yes
San Marino,1. Is there a law that requires routine childhood vaccination in ? ,Identified document(s) already in Airtable,Yes
San Marino,"2. In the event of an emergency, can the government require a citizen to receive a vaccination in?",Identified document(s) already in Airtable,No - Wrong Info
São Tomé and Príncipe,1. Is there a law that requires routine childhood vaccination in ? ,No relevant documents identified,Yes
São Tomé and Príncipe,"2. In the event of an emergency, can the government require a citizen to receive a vaccination in?",No relevant documents identified,Yes
Saudi Arabia,1. Is there a law that requires routine childhood vaccination in ? ,No relevant documents identified,No- Misses Information
Saudi Arabia,"2. In the event of an emergency, can the government require a citizen to receive a vaccination in?",No relevant documents identified,Yes
Senegal,1. Is there a law that requires routine childhood vaccination in ? ,No relevant documents identified,Yes
Senegal,"2. In the event of an emergency, can the government require a citizen to receive a vaccination in?",No relevant documents identified,Yes
Serbia,1. Is there a law that requires routine childhood vaccination in ? ,Identified document(s) already in Airtable,Yes
Serbia,"2. In the event of an emergency, can the government require a citizen to receive a vaccination in?",Identified document(s) already in Airtable,Yes
Seychelles,1. Is there a law that requires routine childhood vaccination in ? ,No relevant documents identified,Yes
Seychelles,"2. In the event of an emergency, can the government require a citizen to receive a vaccination in?",Identified document(s) already in Airtable,No - Provides More Info
Sierra Leone,1. Is there a law that requires routine childhood vaccination in ? ,No relevant documents identified,Yes
Sierra Leone,"2. In the event of an emergency, can the government require a citizen to receive a vaccination in?",Identified document(s) already in Airtable,No- Misses Information
Singapore,1. Is there a law that requires routine childhood vaccination in ? ,Identified document(s) already in Airtable,Yes
Singapore,"2. In the event of an emergency, can the government require a citizen to receive a vaccination in?",Identified document(s) already in Airtable,Yes
Slovakia,1. Is there a law that requires routine childhood vaccination in ? ,Identified document(s) already in Airtable,Yes
Slovakia,"2. In the event of an emergency, can the government require a citizen to receive a vaccination in?",Identified document(s) already in Airtable,Yes
Solomon Islands,1. Is there a law that requires routine childhood vaccination in ? ,No relevant documents identified,Yes
Solomon Islands,"2. In the event of an emergency, can the government require a citizen to receive a vaccination in?",No relevant documents identified,Yes
Somalia,1. Is there a law that requires routine childhood vaccination in ? ,No relevant documents identified,No - Wrong Info
Somalia,"2. In the event of an emergency, can the government require a citizen to receive a vaccination in?",No relevant documents identified,Yes
South Africa,1. Is there a law that requires routine childhood vaccination in ? ,No relevant documents identified,Yes
South Africa,"2. In the event of an emergency, can the government require a citizen to receive a vaccination in?",Identified document(s) already in Airtable,Yes
South Sudan,1. Is there a law that requires routine childhood vaccination in ? ,No relevant documents identified,Yes
South Sudan,"2. In the event of an emergency, can the government require a citizen to receive a vaccination in?",No relevant documents identified,Yes
Spain,1. Is there a law that requires routine childhood vaccination in ? ,No relevant documents identified,Yes
Spain,"2. In the event of an emergency, can the government require a citizen to receive a vaccination in?",Identified document(s) already in Airtable,Yes
Sri Lanka,1. Is there a law that requires routine childhood vaccination in ? ,Identified document(s) already in Airtable,Yes
Sri Lanka,"2. In the event of an emergency, can the government require a citizen to receive a vaccination in?",Identified document(s) already in Airtable,No - Wrong Info
Sudan,1. Is there a law that requires routine childhood vaccination in ? ,No relevant documents identified,No- Misses Information
Sudan,"2. In the event of an emergency, can the government require a citizen to receive a vaccination in?",Identified document(s) already in Airtable,Yes
Suriname,1. Is there a law that requires routine childhood vaccination in ? ,No relevant documents identified,Yes
Suriname,"2. In the event of an emergency, can the government require a citizen to receive a vaccination in?",No relevant documents identified,Yes
Sweden,1. Is there a law that requires routine childhood vaccination in ? ,No relevant documents identified,Yes
Sweden,"2. In the event of an emergency, can the government require a citizen to receive a vaccination in?",No relevant documents identified,Yes
Switzerland,1. Is there a law that requires routine childhood vaccination in ? ,No relevant documents identified,Yes
Switzerland,"2. In the event of an emergency, can the government require a citizen to receive a vaccination in?",New document identified - suggest excluding,No - Wrong Info
Syrian Arab Republic (Syria),1. Is there a law that requires routine childhood vaccination in ? ,No relevant documents identified,Yes
Syrian Arab Republic (Syria),"2. In the event of an emergency, can the government require a citizen to receive a vaccination in?",No relevant documents identified,Yes
Tajikistan,1. Is there a law that requires routine childhood vaccination in ? ,Identified document(s) already in Airtable,Yes
Tajikistan,"2. In the event of an emergency, can the government require a citizen to receive a vaccination in?",Identified document(s) already in Airtable,Yes
Thailand,1. Is there a law that requires routine childhood vaccination in ? ,Identified document(s) already in Airtable,No- Misses Information
Thailand,"2. In the event of an emergency, can the government require a citizen to receive a vaccination in?",Identified document(s) already in Airtable,Yes
Timor-Leste,1. Is there a law that requires routine childhood vaccination in ? ,No relevant documents identified,Yes
Timor-Leste,"2. In the event of an emergency, can the government require a citizen to receive a vaccination in?",No relevant documents identified,Yes
Togo,1. Is there a law that requires routine childhood vaccination in ? ,Identified document(s) already in Airtable,No- Misses Information
Togo,"2. In the event of an emergency, can the government require a citizen to receive a vaccination in?",Identified document(s) already in Airtable,No- Misses Information
Tonga,1. Is there a law that requires routine childhood vaccination in ? ,Identified document(s) already in Airtable,No - Wrong Info
Tonga,"2. In the event of an emergency, can the government require a citizen to receive a vaccination in?",Identified document(s) already in Airtable,Yes
Trinidad and Tobago,1. Is there a law that requires routine childhood vaccination in ? ,Identified document(s) already in Airtable,Yes
Trinidad and Tobago,"2. In the event of an emergency, can the government require a citizen to receive a vaccination in?",No relevant documents identified,Yes
Tunisia,1. Is there a law that requires routine childhood vaccination in ? ,Identified document(s) already in Airtable,Yes
Tunisia,"2. In the event of an emergency, can the government require a citizen to receive a vaccination in?",New document identified - suggest excluding,No - Wrong Info
Türkiye (Turkey),1. Is there a law that requires routine childhood vaccination in ? ,No relevant documents identified,Yes
Türkiye (Turkey),"2. In the event of an emergency, can the government require a citizen to receive a vaccination in?",New document identified - suggest excluding,No - Wrong Info
Turkmenistan,1. Is there a law that requires routine childhood vaccination in ? ,Identified document(s) already in Airtable,Yes
Turkmenistan,"2. In the event of an emergency, can the government require a citizen to receive a vaccination in?",Identified document(s) already in Airtable,Yes
Tuvalu,1. Is there a law that requires routine childhood vaccination in ? ,No relevant documents identified,Yes
Tuvalu,"2. In the event of an emergency, can the government require a citizen to receive a vaccination in?",No relevant documents identified,Yes
Uganda,1. Is there a law that requires routine childhood vaccination in ? ,Identified document(s) already in Airtable,Yes
Uganda,"2. In the event of an emergency, can the government require a citizen to receive a vaccination in?",Identified document(s) already in Airtable,Yes
Ukraine,1. Is there a law that requires routine childhood vaccination in ? ,Identified document(s) already in Airtable,Yes
Ukraine,"2. In the event of an emergency, can the government require a citizen to receive a vaccination in?",Identified document(s) already in Airtable,Yes
United Arab Emirates (UAE),1. Is there a law that requires routine childhood vaccination in ? ,Identified document(s) already in Airtable,Yes
United Arab Emirates (UAE),"2. In the event of an emergency, can the government require a citizen to receive a vaccination in?",Identified document(s) already in Airtable,No - Wrong Info
United Kingdom of Great Britain and Northern Ireland (UK),1. Is there a law that requires routine childhood vaccination in ? ,No relevant documents identified,Yes
United Kingdom of Great Britain and Northern Ireland (UK),"2. In the event of an emergency, can the government require a citizen to receive a vaccination in?",No relevant documents identified,Yes
United Republic of Tanzania,1. Is there a law that requires routine childhood vaccination in ? ,Identified document(s) already in Airtable,No- Misses Information
United Republic of Tanzania,"2. In the event of an emergency, can the government require a citizen to receive a vaccination in?",Identified document(s) already in Airtable,No- Misses Information
United States of America (USA),1. Is there a law that requires routine childhood vaccination in ? ,Identified document(s) already in Airtable,No - Wrong Info
United States of America (USA),"2. In the event of an emergency, can the government require a citizen to receive a vaccination in?",No relevant documents identified,Yes
Uruguay,1. Is there a law that requires routine childhood vaccination in ? ,Identified document(s) already in Airtable,Yes
Uruguay,"2. In the event of an emergency, can the government require a citizen to receive a vaccination in?",Identified document(s) already in Airtable,Yes
Uzbekistan,1. Is there a law that requires routine childhood vaccination in ? ,New document identified - suggest excluding,No - Wrong Info
Uzbekistan,"2. In the event of an emergency, can the government require a citizen to receive a vaccination in?",Identified document(s) already in Airtable,Yes
Vanuatu,1. Is there a law that requires routine childhood vaccination in ? ,No relevant documents identified,Yes
Vanuatu,"2. In the event of an emergency, can the government require a citizen to receive a vaccination in?",Identified document(s) already in Airtable,Yes
Venezuela (Bolivarian Republic of),1. Is there a law that requires routine childhood vaccination in ? ,Identified document(s) already in Airtable,No- Misses Information
Venezuela (Bolivarian Republic of),"2. In the event of an emergency, can the government require a citizen to receive a vaccination in?",Identified document(s) already in Airtable,No- Misses Information
Viet Nam (Vietnam),1. Is there a law that requires routine childhood vaccination in ? ,Identified document(s) already in Airtable,Yes
Viet Nam (Vietnam),"2. In the event of an emergency, can the government require a citizen to receive a vaccination in?",Identified document(s) already in Airtable,Yes
Yemen,1. Is there a law that requires routine childhood vaccination in ? ,No relevant documents identified,Yes
Yemen,"2. In the event of an emergency, can the government require a citizen to receive a vaccination in?",No relevant documents identified,No- Misses Information
Zambia,1. Is there a law that requires routine childhood vaccination in ? ,Identified document(s) already in Airtable,No- Misses Information
Zambia,"2. In the event of an emergency, can the government require a citizen to receive a vaccination in?",Identified document(s) already in Airtable,No- Misses Information
Zimbabwe,1. Is there a law that requires routine childhood vaccination in ? ,Identified document(s) already in Airtable,Yes
Zimbabwe,"2. In the event of an emergency, can the government require a citizen to receive a vaccination in?",Identified document(s) already in Airtable,Yes